hourly_timestamp,PULocationID,zone,is_rush_hour,is_holiday,is_weekend,actual,predicted,absolute_error,hour,day_of_week,error
2019-03-01 00:00:00,142,142,0,0,0,79.0,92.06886,13.068862915039062,0,4,13.06886
2019-03-01 01:00:00,142,142,0,0,0,30.0,51.919186,21.91918563842773,1,4,21.919186000000003
2019-03-01 02:00:00,142,142,0,0,0,14.0,31.390806,17.390806198120117,2,4,17.390806
2019-03-01 03:00:00,142,142,0,0,0,15.0,8.272731,6.727269172668457,3,4,-6.727269
2019-03-01 04:00:00,142,142,0,0,0,21.0,20.610373,0.389627456665039,4,4,-0.38962700000000083
2019-03-01 05:00:00,142,142,0,0,0,81.0,68.02539,12.974609375,5,4,-12.974609999999998
2019-03-01 06:00:00,142,142,0,0,0,223.0,213.15201,9.847991943359377,6,4,-9.84799000000001
2019-03-01 07:00:00,142,142,1,0,0,379.0,441.2151,62.215087890625,7,4,62.21510000000001
2019-03-01 08:00:00,142,142,1,0,0,392.0,491.58383,99.58383178710938,8,4,99.58382999999998
2019-03-01 09:00:00,142,142,1,0,0,380.0,450.15686,70.1568603515625,9,4,70.15686
2019-03-01 10:00:00,142,142,0,0,0,385.0,409.0344,24.034393310546875,10,4,24.034400000000005
2019-03-01 11:00:00,142,142,0,0,0,367.0,449.8264,82.82638549804688,11,4,82.82639999999998
2019-03-01 12:00:00,142,142,0,0,0,366.0,414.5694,48.56939697265625,12,4,48.56939999999997
2019-03-01 13:00:00,142,142,0,0,0,420.0,406.02805,13.971954345703123,13,4,-13.971949999999993
2019-03-01 14:00:00,142,142,0,0,0,457.0,446.79553,10.2044677734375,14,4,-10.204470000000015
2019-03-01 15:00:00,142,142,0,0,0,356.0,461.59875,105.5987548828125,15,4,105.59875
2019-03-01 16:00:00,142,142,1,0,0,443.0,450.93152,7.9315185546875,16,4,7.931519999999978
2019-03-01 17:00:00,142,142,1,0,0,575.0,559.3262,15.673828125,17,4,-15.673800000000028
2019-03-01 18:00:00,142,142,1,0,0,615.0,582.66846,32.33154296875,18,4,-32.33154000000002
2019-03-01 19:00:00,142,142,1,0,0,428.0,560.989,132.989013671875,19,4,132.98900000000003
2019-03-01 20:00:00,142,142,0,0,0,415.0,446.38852,31.38851928710937,20,4,31.388520000000028
2019-03-01 21:00:00,142,142,0,0,0,754.0,513.1024,240.8975830078125,21,4,-240.8976
2019-03-01 22:00:00,142,142,0,0,0,791.0,549.431,241.5689697265625,22,4,-241.56899999999996
2019-03-01 23:00:00,142,142,0,0,0,332.0,398.06033,66.06033325195312,23,4,66.06033000000002
2019-03-02 00:00:00,142,142,0,0,1,166.0,291.77405,125.7740478515625,0,5,125.77404999999999
2019-03-02 01:00:00,142,142,0,0,1,64.0,97.46118,33.461181640625,1,5,33.46118
2019-03-02 02:00:00,142,142,0,0,1,33.0,48.87082,15.870819091796877,2,5,15.870820000000002
2019-03-02 03:00:00,142,142,0,0,1,15.0,25.610527,10.61052703857422,3,5,10.610527000000001
2019-03-02 04:00:00,142,142,0,0,1,25.0,11.568865,13.431135177612305,4,5,-13.431135
2019-03-02 05:00:00,142,142,0,0,1,27.0,17.15098,9.84902000427246,5,5,-9.84902
2019-03-02 06:00:00,142,142,0,0,1,66.0,74.26454,8.264541625976562,6,5,8.264539999999997
2019-03-02 07:00:00,142,142,0,0,1,113.0,206.5361,93.53610229492188,7,5,93.5361
2019-03-02 08:00:00,142,142,0,0,1,212.0,245.5787,33.578704833984375,8,5,33.5787
2019-03-02 09:00:00,142,142,0,0,1,327.0,315.1204,11.879608154296877,9,5,-11.879599999999982
2019-03-02 10:00:00,142,142,0,0,1,360.0,351.81473,8.185272216796875,10,5,-8.185270000000003
2019-03-02 11:00:00,142,142,0,0,1,440.0,431.03223,8.9677734375,11,5,-8.967769999999973
2019-03-02 12:00:00,142,142,0,0,1,455.0,438.28458,16.715423583984375,12,5,-16.715419999999995
2019-03-02 13:00:00,142,142,0,0,1,460.0,439.25525,20.7447509765625,13,5,-20.74475000000001
2019-03-02 14:00:00,142,142,0,0,1,476.0,479.83112,3.83111572265625,14,5,3.8311199999999985
2019-03-02 15:00:00,142,142,0,0,1,593.0,470.42783,122.57217407226562,15,5,-122.57217000000003
2019-03-02 16:00:00,142,142,0,0,1,571.0,433.8494,137.15060424804688,16,5,-137.1506
2019-03-02 17:00:00,142,142,0,0,1,526.0,524.2533,1.7467041015625,17,5,-1.7467000000000326
2019-03-02 18:00:00,142,142,0,0,1,564.0,551.26,12.739990234375,18,5,-12.740000000000009
2019-03-02 19:00:00,142,142,0,0,1,411.0,410.68622,0.31378173828125,19,5,-0.3137800000000084
2019-03-02 20:00:00,142,142,0,0,1,395.0,416.52264,21.52264404296875,20,5,21.522640000000024
2019-03-02 21:00:00,142,142,0,0,1,673.0,438.31357,234.6864318847656,21,5,-234.68642999999997
2019-03-02 22:00:00,142,142,0,0,1,832.0,430.1385,401.8615112304688,22,5,-401.8615
2019-03-02 23:00:00,142,142,0,0,1,409.0,501.22964,92.22964477539062,23,5,92.22964000000002
2019-03-03 00:00:00,142,142,0,0,1,179.0,224.31192,45.311920166015625,0,6,45.311919999999986
2019-03-03 01:00:00,142,142,0,0,1,109.0,127.72064,18.72064208984375,1,6,18.720640000000003
2019-03-03 02:00:00,142,142,0,0,1,47.0,24.460512,22.53948783874512,2,6,-22.539488
2019-03-03 03:00:00,142,142,0,0,1,24.0,29.202917,5.202917098999023,3,6,5.202916999999999
2019-03-03 04:00:00,142,142,0,0,1,21.0,6.7548056,14.245194435119627,4,6,-14.245194399999999
2019-03-03 05:00:00,142,142,0,0,1,26.0,17.74257,8.257429122924805,5,6,-8.25743
2019-03-03 06:00:00,142,142,0,0,1,48.0,57.08973,9.089729309082031,6,6,9.089730000000003
2019-03-03 07:00:00,142,142,0,0,1,98.0,94.08202,3.9179763793945312,7,6,-3.91798
2019-03-03 08:00:00,142,142,0,0,1,162.0,151.58281,10.417190551757812,8,6,-10.417190000000005
2019-03-03 09:00:00,142,142,0,0,1,292.0,270.3696,21.630401611328125,9,6,-21.63040000000001
2019-03-03 10:00:00,142,142,0,0,1,408.0,316.17853,91.82147216796876,10,6,-91.82146999999998
2019-03-03 11:00:00,142,142,0,0,1,487.0,394.38626,92.61373901367188,11,6,-92.61374
2019-03-03 12:00:00,142,142,0,0,1,454.0,459.00232,5.0023193359375,12,6,5.002319999999997
2019-03-03 13:00:00,142,142,0,0,1,447.0,442.62604,4.37396240234375,13,6,-4.373960000000011
2019-03-03 14:00:00,142,142,0,0,1,483.0,455.29343,27.706573486328125,14,6,-27.70657
2019-03-03 15:00:00,142,142,0,0,1,482.0,441.611,40.389007568359375,15,6,-40.38900000000001
2019-03-03 16:00:00,142,142,0,0,1,523.0,458.40018,64.59982299804688,16,6,-64.59982000000002
2019-03-03 17:00:00,142,142,0,0,1,616.0,461.7876,154.21240234375,17,6,-154.2124
2019-03-03 18:00:00,142,142,0,0,1,545.0,488.59378,56.40621948242188,18,6,-56.40622000000002
2019-03-03 19:00:00,142,142,0,0,1,340.0,344.18643,4.186431884765625,19,6,4.186429999999973
2019-03-03 20:00:00,142,142,0,0,1,302.0,381.71402,79.71401977539062,20,6,79.71402
2019-03-03 21:00:00,142,142,0,0,1,254.0,311.39157,57.39157104492188,21,6,57.39157
2019-03-03 22:00:00,142,142,0,0,1,189.0,253.22758,64.22758483886719,22,6,64.22757999999999
2019-03-03 23:00:00,142,142,0,0,1,103.0,47.48089,55.51911163330078,23,6,-55.51911
2019-03-04 00:00:00,142,142,0,0,0,44.0,85.10074,41.10073852539063,0,0,41.10074
2019-03-04 01:00:00,142,142,0,0,0,14.0,33.255417,19.255416870117188,1,0,19.255417
2019-03-04 02:00:00,142,142,0,0,0,14.0,35.04784,21.047840118408203,2,0,21.04784
2019-03-04 03:00:00,142,142,0,0,0,8.0,17.742695,9.742694854736328,3,0,9.742695000000001
2019-03-04 04:00:00,142,142,0,0,0,19.0,36.24579,17.24578857421875,4,0,17.24579
2019-03-04 05:00:00,142,142,0,0,0,72.0,81.23635,9.236351013183594,5,0,9.236350000000002
2019-03-04 06:00:00,142,142,0,0,0,152.0,140.00334,11.996658325195312,6,0,-11.996659999999991
2019-03-04 07:00:00,142,142,1,0,0,254.0,310.91934,56.919342041015625,7,0,56.91933999999998
2019-03-04 08:00:00,142,142,1,0,0,281.0,352.47888,71.4788818359375,8,0,71.47888
2019-03-04 09:00:00,142,142,1,0,0,302.0,307.3731,5.37310791015625,9,0,5.373100000000022
2019-03-04 10:00:00,142,142,0,0,0,299.0,372.03772,73.0377197265625,10,0,73.03771999999998
2019-03-04 11:00:00,142,142,0,0,0,291.0,407.4772,116.47720336914062,11,0,116.47719999999998
2019-03-04 12:00:00,142,142,0,0,0,313.0,381.35977,68.35977172851562,12,0,68.35977000000003
2019-03-04 13:00:00,142,142,0,0,0,333.0,374.5225,41.522491455078125,13,0,41.52249999999998
2019-03-04 14:00:00,142,142,0,0,0,331.0,383.47894,52.47894287109375,14,0,52.47894000000002
2019-03-04 15:00:00,142,142,0,0,0,338.0,399.21158,61.21157836914063,15,0,61.211580000000026
2019-03-04 16:00:00,142,142,1,0,0,341.0,411.83566,70.83566284179688,16,0,70.83566000000002
2019-03-04 17:00:00,142,142,1,0,0,440.0,450.5106,10.510589599609377,17,0,10.51060000000001
2019-03-04 18:00:00,142,142,1,0,0,490.0,465.07343,24.92657470703125,18,0,-24.926570000000027
2019-03-04 19:00:00,142,142,1,0,0,374.0,399.39505,25.395050048828125,19,0,25.395050000000026
2019-03-04 20:00:00,142,142,0,0,0,398.0,448.83127,50.83126831054688,20,0,50.83127000000002
2019-03-04 21:00:00,142,142,0,0,0,443.0,328.3791,114.62091064453124,21,0,-114.6209
2019-03-04 22:00:00,142,142,0,0,0,369.0,248.0826,120.91740417480467,22,0,-120.91739999999999
2019-03-04 23:00:00,142,142,0,0,0,415.0,186.88994,228.1100616455078,23,0,-228.11006
2019-03-05 00:00:00,142,142,0,0,0,55.0,94.44943,39.44943237304688,0,1,39.44943000000001
2019-03-05 01:00:00,142,142,0,0,0,12.0,84.11711,72.11711120605469,1,1,72.11711
2019-03-05 02:00:00,142,142,0,0,0,10.0,46.89883,36.89883041381836,2,1,36.89883
2019-03-05 03:00:00,142,142,0,0,0,7.0,12.05015,5.050149917602539,3,1,5.05015
2019-03-05 04:00:00,142,142,0,0,0,21.0,24.951508,3.951507568359375,4,1,3.9515080000000005
2019-03-05 05:00:00,142,142,0,0,0,73.0,76.73457,3.734573364257813,5,1,3.734570000000005
2019-03-05 06:00:00,142,142,0,0,0,228.0,205.2752,22.72479248046875,6,1,-22.724799999999988
2019-03-05 07:00:00,142,142,1,0,0,403.0,342.69434,60.3056640625,7,1,-60.30565999999999
2019-03-05 08:00:00,142,142,1,0,0,367.0,408.6775,41.677490234375,8,1,41.67750000000001
2019-03-05 09:00:00,142,142,1,0,0,358.0,335.73,22.269989013671875,9,1,-22.269999999999982
2019-03-05 10:00:00,142,142,0,0,0,367.0,301.23917,65.76083374023438,10,1,-65.76083
2019-03-05 11:00:00,142,142,0,0,0,368.0,324.84412,43.1558837890625,11,1,-43.155880000000025
2019-03-05 12:00:00,142,142,0,0,0,353.0,306.94806,46.05194091796875,12,1,-46.05194
2019-03-05 13:00:00,142,142,0,0,0,401.0,366.2858,34.714202880859375,13,1,-34.714200000000005
2019-03-05 14:00:00,142,142,0,0,0,407.0,436.3086,29.30859375,14,1,29.308600000000013
2019-03-05 15:00:00,142,142,0,0,0,441.0,379.99597,61.0040283203125,15,1,-61.00403
2019-03-05 16:00:00,142,142,1,0,0,446.0,436.9058,9.094207763671877,16,1,-9.0942
2019-03-05 17:00:00,142,142,1,0,0,587.0,545.7918,41.20819091796875,17,1,-41.20820000000003
2019-03-05 18:00:00,142,142,1,0,0,588.0,559.51746,28.4825439453125,18,1,-28.48253999999997
2019-03-05 19:00:00,142,142,1,0,0,430.0,532.4957,102.4957275390625,19,1,102.49570000000006
2019-03-05 20:00:00,142,142,0,0,0,451.0,476.71368,25.71368408203125,20,1,25.71368000000001
2019-03-05 21:00:00,142,142,0,0,0,680.0,431.08896,248.9110412597656,21,1,-248.91104
2019-03-05 22:00:00,142,142,0,0,0,304.0,378.18097,74.18096923828125,22,1,74.18097
2019-03-05 23:00:00,142,142,0,0,0,140.0,227.39056,87.39056396484375,23,1,87.39056
2019-03-06 00:00:00,142,142,0,0,0,61.0,112.92378,51.92378234863281,0,2,51.923779999999994
2019-03-06 01:00:00,142,142,0,0,0,20.0,31.951647,11.95164680480957,1,2,11.951647000000001
2019-03-06 02:00:00,142,142,0,0,0,10.0,19.866394,9.86639404296875,2,2,9.866394
2019-03-06 03:00:00,142,142,0,0,0,11.0,24.5906,13.590599060058594,3,2,13.590599999999998
2019-03-06 04:00:00,142,142,0,0,0,27.0,28.759882,1.7598819732666016,4,2,1.759882000000001
2019-03-06 05:00:00,142,142,0,0,0,77.0,83.33569,6.335693359375,5,2,6.33569
2019-03-06 06:00:00,142,142,0,0,0,231.0,221.80194,9.19805908203125,6,2,-9.198059999999998
2019-03-06 07:00:00,142,142,1,0,0,424.0,441.4511,17.45111083984375,7,2,17.451099999999997
2019-03-06 08:00:00,142,142,1,0,0,399.0,485.26553,86.26553344726562,8,2,86.26553000000001
2019-03-06 09:00:00,142,142,1,0,0,402.0,381.19363,20.806365966796875,9,2,-20.806370000000015
2019-03-06 10:00:00,142,142,0,0,0,411.0,381.16687,29.8331298828125,10,2,-29.833129999999983
2019-03-06 11:00:00,142,142,0,0,0,492.0,434.62625,57.37374877929688,11,2,-57.37374999999997
2019-03-06 12:00:00,142,142,0,0,0,453.0,429.71054,23.289459228515625,12,2,-23.28946000000002
2019-03-06 13:00:00,142,142,0,0,0,464.0,451.62332,12.376678466796877,13,2,-12.376680000000022
2019-03-06 14:00:00,142,142,0,0,0,498.0,487.60712,10.39288330078125,14,2,-10.392879999999991
2019-03-06 15:00:00,142,142,0,0,0,416.0,460.6653,44.665313720703125,15,2,44.6653
2019-03-06 16:00:00,142,142,1,0,0,552.0,468.54153,83.45846557617188,16,2,-83.45846999999998
2019-03-06 17:00:00,142,142,1,0,0,612.0,574.97345,37.02655029296875,17,2,-37.02655000000004
2019-03-06 18:00:00,142,142,1,0,0,633.0,676.3885,43.38848876953125,18,2,43.38850000000002
2019-03-06 19:00:00,142,142,1,0,0,484.0,573.17676,89.1767578125,19,2,89.17675999999994
2019-03-06 20:00:00,142,142,0,0,0,545.0,455.56998,89.43002319335938,20,2,-89.43002000000001
2019-03-06 21:00:00,142,142,0,0,0,815.0,435.68423,379.3157653808594,21,2,-379.31577
2019-03-06 22:00:00,142,142,0,0,0,548.0,492.2027,55.79730224609375,22,2,-55.79730000000001
2019-03-06 23:00:00,142,142,0,0,0,161.0,159.65283,1.34716796875,23,2,-1.3471700000000055
2019-03-07 00:00:00,142,142,0,0,0,66.0,90.92175,24.9217529296875,0,3,24.921750000000003
2019-03-07 01:00:00,142,142,0,0,0,32.0,33.086105,1.0861053466796875,1,3,1.0861050000000034
2019-03-07 02:00:00,142,142,0,0,0,9.0,17.678614,8.678613662719727,2,3,8.678614
2019-03-07 03:00:00,142,142,0,0,0,11.0,15.4353,4.435299873352051,3,3,4.4353
2019-03-07 04:00:00,142,142,0,0,0,33.0,29.204397,3.795602798461914,4,3,-3.795603
2019-03-07 05:00:00,142,142,0,0,0,78.0,83.01543,5.015426635742188,5,3,5.015429999999995
2019-03-07 06:00:00,142,142,0,0,0,250.0,259.3396,9.339599609375,6,3,9.339600000000019
2019-03-07 07:00:00,142,142,1,0,0,411.0,512.0711,101.07110595703124,7,3,101.0711
2019-03-07 08:00:00,142,142,1,0,0,417.0,489.04105,72.04104614257812,8,3,72.04104999999998
2019-03-07 09:00:00,142,142,1,0,0,383.0,387.41022,4.41021728515625,9,3,4.410219999999981
2019-03-07 10:00:00,142,142,0,0,0,383.0,380.7558,2.24420166015625,10,3,-2.244199999999978
2019-03-07 11:00:00,142,142,0,0,0,439.0,469.71548,30.715484619140625,11,3,30.715480000000014
2019-03-07 12:00:00,142,142,0,0,0,400.0,421.71558,21.715576171875,12,3,21.71557999999999
2019-03-07 13:00:00,142,142,0,0,0,417.0,474.26993,57.269927978515625,13,3,57.26992999999999
2019-03-07 14:00:00,142,142,0,0,0,484.0,459.76773,24.23226928710937,14,3,-24.232270000000028
2019-03-07 15:00:00,142,142,0,0,0,473.0,482.00864,9.008636474609377,15,3,9.008640000000014
2019-03-07 16:00:00,142,142,1,0,0,535.0,454.84085,80.15914916992188,16,3,-80.15915000000001
2019-03-07 17:00:00,142,142,1,0,0,576.0,576.7526,0.75262451171875,17,3,0.7526000000000295
2019-03-07 18:00:00,142,142,1,0,0,602.0,706.53156,104.53155517578124,18,3,104.53156000000001
2019-03-07 19:00:00,142,142,1,0,0,485.0,609.40955,124.4095458984375,19,3,124.40954999999997
2019-03-07 20:00:00,142,142,0,0,0,479.0,498.05225,19.05224609375,20,3,19.052250000000015
2019-03-07 21:00:00,142,142,0,0,0,935.0,499.30533,435.6946716308594,21,3,-435.69467
2019-03-07 22:00:00,142,142,0,0,0,359.0,513.0295,154.02947998046875,22,3,154.02949999999998
2019-03-07 23:00:00,142,142,0,0,0,565.0,366.922,198.0780029296875,23,3,-198.07799999999997
2019-03-08 00:00:00,142,142,0,0,0,154.0,91.49825,62.501747131347656,0,4,-62.50175
2019-03-08 01:00:00,142,142,0,0,0,49.0,75.50013,26.50012969970703,1,4,26.50013
2019-03-08 02:00:00,142,142,0,0,0,11.0,47.07052,36.07051849365234,2,4,36.07052
2019-03-08 03:00:00,142,142,0,0,0,21.0,13.392607,7.607393264770508,3,4,-7.607393
2019-03-08 04:00:00,142,142,0,0,0,32.0,20.760904,11.239095687866213,4,4,-11.239096
2019-03-08 05:00:00,142,142,0,0,0,82.0,115.86755,33.8675537109375,5,4,33.867549999999994
2019-03-08 06:00:00,142,142,0,0,0,223.0,237.40523,14.405227661132812,6,4,14.405229999999989
2019-03-08 07:00:00,142,142,1,0,0,358.0,342.76556,15.23443603515625,7,4,-15.234440000000006
2019-03-08 08:00:00,142,142,1,0,0,392.0,460.20224,68.20223999023438,8,4,68.20224000000002
2019-03-08 09:00:00,142,142,1,0,0,367.0,422.28732,55.28732299804688,9,4,55.28732000000002
2019-03-08 10:00:00,142,142,0,0,0,420.0,392.49625,27.50375366210937,10,4,-27.503750000000025
2019-03-08 11:00:00,142,142,0,0,0,451.0,438.55487,12.44512939453125,11,4,-12.445130000000006
2019-03-08 12:00:00,142,142,0,0,0,405.0,425.42056,20.420562744140625,12,4,20.420560000000023
2019-03-08 13:00:00,142,142,0,0,0,421.0,450.6439,29.64389038085937,13,4,29.643899999999974
2019-03-08 14:00:00,142,142,0,0,0,484.0,475.2343,8.76568603515625,14,4,-8.765699999999981
2019-03-08 15:00:00,142,142,0,0,0,410.0,471.78964,61.789642333984375,15,4,61.78964000000002
2019-03-08 16:00:00,142,142,1,0,0,463.0,444.91364,18.08636474609375,16,4,-18.086360000000013
2019-03-08 17:00:00,142,142,1,0,0,552.0,578.4455,26.44549560546875,17,4,26.445500000000038
2019-03-08 18:00:00,142,142,1,0,0,566.0,652.5554,86.555419921875,18,4,86.55539999999996
2019-03-08 19:00:00,142,142,1,0,0,406.0,536.1074,130.107421875,19,4,130.10739999999998
2019-03-08 20:00:00,142,142,0,0,0,423.0,464.9757,41.9757080078125,20,4,41.97570000000002
2019-03-08 21:00:00,142,142,0,0,0,717.0,427.52368,289.476318359375,21,4,-289.47632
2019-03-08 22:00:00,142,142,0,0,0,704.0,516.44324,187.5567626953125,22,4,-187.55676000000005
2019-03-08 23:00:00,142,142,0,0,0,289.0,354.75043,65.75042724609375,23,4,65.75043
2019-03-09 00:00:00,142,142,0,0,1,181.0,382.49203,201.49203491210935,0,5,201.49203
2019-03-09 01:00:00,142,142,0,0,1,78.0,128.36662,50.36662292480469,1,5,50.36662000000001
2019-03-09 02:00:00,142,142,0,0,1,30.0,61.720345,31.72034454345703,2,5,31.720345000000002
2019-03-09 03:00:00,142,142,0,0,1,23.0,31.022366,8.02236557006836,3,5,8.022366000000002
2019-03-09 04:00:00,142,142,0,0,1,15.0,14.939,0.0609998703002929,4,5,-0.06099999999999994
2019-03-09 05:00:00,142,142,0,0,1,39.0,27.359518,11.64048194885254,5,5,-11.640481999999999
2019-03-09 06:00:00,142,142,0,0,1,64.0,76.7282,12.72820281982422,6,5,12.728200000000001
2019-03-09 07:00:00,142,142,0,0,1,119.0,153.5913,34.59129333496094,7,5,34.59129999999999
2019-03-09 08:00:00,142,142,0,0,1,259.0,252.60315,6.3968505859375,8,5,-6.396850000000001
2019-03-09 09:00:00,142,142,0,0,1,332.0,349.6894,17.68939208984375,9,5,17.689399999999978
2019-03-09 10:00:00,142,142,0,0,1,410.0,369.5373,40.46270751953125,10,5,-40.462699999999984
2019-03-09 11:00:00,142,142,0,0,1,451.0,461.3234,10.323394775390623,11,5,10.323399999999992
2019-03-09 12:00:00,142,142,0,0,1,465.0,467.8393,2.83929443359375,12,5,2.83929999999998
2019-03-09 13:00:00,142,142,0,0,1,464.0,467.13602,3.136016845703125,13,5,3.1360199999999736
2019-03-09 14:00:00,142,142,0,0,1,436.0,459.87326,23.873260498046875,14,5,23.873260000000016
2019-03-09 15:00:00,142,142,0,0,1,573.0,459.25482,113.74517822265624,15,5,-113.74518
2019-03-09 16:00:00,142,142,0,0,1,570.0,457.3386,112.66140747070312,16,5,-112.66140000000001
2019-03-09 17:00:00,142,142,0,0,1,573.0,623.82904,50.82904052734375,17,5,50.829039999999964
2019-03-09 18:00:00,142,142,0,0,1,567.0,565.4277,1.57232666015625,18,5,-1.572300000000041
2019-03-09 19:00:00,142,142,0,0,1,422.0,418.36298,3.63702392578125,19,5,-3.637020000000007
2019-03-09 20:00:00,142,142,0,0,1,458.0,413.4076,44.5924072265625,20,5,-44.5924
2019-03-09 21:00:00,142,142,0,0,1,745.0,432.30136,312.6986389160156,21,5,-312.69864
2019-03-09 22:00:00,142,142,0,0,1,805.0,507.0564,297.943603515625,22,5,-297.9436
2019-03-09 23:00:00,142,142,0,0,1,358.0,473.98752,115.98751831054688,23,5,115.98752000000002
2019-03-10 00:00:00,142,142,0,0,1,192.0,313.61386,121.61386108398438,0,6,121.61385999999999
2019-03-10 01:00:00,142,142,0,0,1,70.0,107.12656,37.126556396484375,1,6,37.12656
2019-03-10 02:00:00,142,142,0,0,1,46.0,33.26912,12.730880737304688,2,6,-12.730879999999999
2019-03-10 03:00:00,142,142,0,0,1,68.0,19.511866,48.48813438415527,3,6,-48.488134
2019-03-10 04:00:00,142,142,0,0,1,28.0,11.110053,16.889946937561035,4,6,-16.889947
2019-03-10 05:00:00,142,142,0,0,1,34.0,16.492811,17.50718879699707,5,6,-17.507189
2019-03-10 06:00:00,142,142,0,0,1,47.0,61.31906,14.319061279296877,6,6,14.31906
2019-03-10 07:00:00,142,142,0,0,1,109.0,87.84514,21.154861450195312,7,6,-21.15486
2019-03-10 08:00:00,142,142,0,0,1,199.0,173.76237,25.237625122070312,8,6,-25.237629999999996
2019-03-10 09:00:00,142,142,0,0,1,324.0,265.58438,58.415618896484375,9,6,-58.41561999999999
2019-03-10 10:00:00,142,142,0,0,1,438.0,336.1922,101.80780029296876,10,6,-101.80779999999999
2019-03-10 11:00:00,142,142,0,0,1,532.0,439.708,92.2919921875,11,6,-92.29199999999997
2019-03-10 12:00:00,142,142,0,0,1,524.0,447.68442,76.31558227539062,12,6,-76.31558000000001
2019-03-10 13:00:00,142,142,0,0,1,487.0,541.4681,54.46807861328125,13,6,54.46810000000005
2019-03-10 14:00:00,142,142,0,0,1,505.0,512.41846,7.41845703125,14,6,7.418459999999982
2019-03-10 15:00:00,142,142,0,0,1,515.0,431.7141,83.285888671875,15,6,-83.28590000000003
2019-03-10 16:00:00,142,142,0,0,1,471.0,513.4353,42.435302734375,16,6,42.435299999999984
2019-03-10 17:00:00,142,142,0,0,1,517.0,521.26196,4.261962890625,17,6,4.261960000000045
2019-03-10 18:00:00,142,142,0,0,1,482.0,408.49075,73.50924682617188,18,6,-73.50925000000001
2019-03-10 19:00:00,142,142,0,0,1,327.0,326.29187,0.7081298828125,19,6,-0.7081299999999828
2019-03-10 20:00:00,142,142,0,0,1,278.0,339.24176,61.24176025390625,20,6,61.24176
2019-03-10 21:00:00,142,142,0,0,1,208.0,246.21129,38.21128845214844,21,6,38.21128999999999
2019-03-10 22:00:00,142,142,0,0,1,139.0,188.2855,49.28550720214844,22,6,49.28550000000001
2019-03-10 23:00:00,142,142,0,0,1,81.0,68.76069,12.23931121826172,23,6,-12.239310000000003
2019-03-11 00:00:00,142,142,0,0,0,42.0,21.45852,20.541479110717773,0,0,-20.54148
2019-03-11 01:00:00,142,142,0,0,0,18.0,16.367207,1.632793426513672,1,0,-1.6327929999999995
2019-03-11 02:00:00,142,142,0,0,0,10.0,7.4694643,2.530535697937012,2,0,-2.5305356999999997
2019-03-11 03:00:00,142,142,0,0,0,12.0,2.8948622,9.105137825012209,3,0,-9.1051378
2019-03-11 04:00:00,142,142,0,0,0,28.0,12.532176,15.46782398223877,4,0,-15.467824
2019-03-11 05:00:00,142,142,0,0,0,74.0,101.22534,27.225341796875,5,0,27.225340000000003
2019-03-11 06:00:00,142,142,0,0,0,212.0,224.67186,12.671859741210938,6,0,12.67186000000001
2019-03-11 07:00:00,142,142,1,0,0,382.0,320.08218,61.917816162109375,7,0,-61.917820000000006
2019-03-11 08:00:00,142,142,1,0,0,338.0,352.9522,14.95220947265625,8,0,14.952200000000005
2019-03-11 09:00:00,142,142,1,0,0,316.0,358.22537,42.225372314453125,9,0,42.22537
2019-03-11 10:00:00,142,142,0,0,0,314.0,351.49588,37.495880126953125,10,0,37.49588
2019-03-11 11:00:00,142,142,0,0,0,335.0,375.2544,40.25439453125,11,0,40.254399999999976
2019-03-11 12:00:00,142,142,0,0,0,338.0,346.8079,8.807891845703125,12,0,8.807900000000018
2019-03-11 13:00:00,142,142,0,0,0,355.0,401.29068,46.29067993164063,13,0,46.29068000000001
2019-03-11 14:00:00,142,142,0,0,0,390.0,431.5575,41.5574951171875,14,0,41.557500000000005
2019-03-11 15:00:00,142,142,0,0,0,379.0,407.79977,28.799774169921875,15,0,28.799770000000024
2019-03-11 16:00:00,142,142,1,0,0,388.0,404.43732,16.43731689453125,16,0,16.43732
2019-03-11 17:00:00,142,142,1,0,0,432.0,445.52203,13.52203369140625,17,0,13.522029999999972
2019-03-11 18:00:00,142,142,1,0,0,478.0,436.38687,41.613128662109375,18,0,-41.61313000000001
2019-03-11 19:00:00,142,142,1,0,0,400.0,449.06815,49.068145751953125,19,0,49.06815
2019-03-11 20:00:00,142,142,0,0,0,376.0,391.55807,15.558074951171877,20,0,15.558069999999987
2019-03-11 21:00:00,142,142,0,0,0,480.0,334.28323,145.71676635742188,21,0,-145.71677
2019-03-11 22:00:00,142,142,0,0,0,413.0,202.23628,210.7637176513672,22,0,-210.76372
2019-03-11 23:00:00,142,142,0,0,0,161.0,199.45665,38.45664978027344,23,0,38.456649999999996
2019-03-12 00:00:00,142,142,0,0,0,65.0,117.21944,52.21943664550781,0,1,52.219440000000006
2019-03-12 01:00:00,142,142,0,0,0,27.0,36.739273,9.739273071289062,1,1,9.739272999999997
2019-03-12 02:00:00,142,142,0,0,0,16.0,21.48063,5.480630874633789,2,1,5.4806300000000014
2019-03-12 03:00:00,142,142,0,0,0,19.0,17.808483,1.1915168762207031,3,1,-1.191517000000001
2019-03-12 04:00:00,142,142,0,0,0,26.0,19.687424,6.3125762939453125,4,1,-6.312576
2019-03-12 05:00:00,142,142,0,0,0,80.0,78.8041,1.1958999633789062,5,1,-1.1958999999999946
2019-03-12 06:00:00,142,142,0,0,0,211.0,213.47585,2.4758453369140625,6,1,2.4758500000000083
2019-03-12 07:00:00,142,142,1,0,0,388.0,359.3407,28.6593017578125,7,1,-28.659299999999973
2019-03-12 08:00:00,142,142,1,0,0,384.0,451.5116,67.5115966796875,8,1,67.51159999999999
2019-03-12 09:00:00,142,142,1,0,0,360.0,356.81323,3.186767578125,9,1,-3.186770000000024
2019-03-12 10:00:00,142,142,0,0,0,364.0,301.27985,62.72015380859375,10,1,-62.72014999999999
2019-03-12 11:00:00,142,142,0,0,0,382.0,311.20798,70.79202270507812,11,1,-70.79201999999998
2019-03-12 12:00:00,142,142,0,0,0,377.0,368.25504,8.744964599609375,12,1,-8.744959999999992
2019-03-12 13:00:00,142,142,0,0,0,408.0,407.15167,0.84832763671875,13,1,-0.8483299999999758
2019-03-12 14:00:00,142,142,0,0,0,434.0,434.43817,0.43817138671875,14,1,0.4381700000000137
2019-03-12 15:00:00,142,142,0,0,0,378.0,433.33807,55.33807373046875,15,1,55.338070000000016
2019-03-12 16:00:00,142,142,1,0,0,414.0,438.95306,24.95306396484375,16,1,24.953059999999994
2019-03-12 17:00:00,142,142,1,0,0,523.0,513.6396,9.36041259765625,17,1,-9.360400000000027
2019-03-12 18:00:00,142,142,1,0,0,548.0,537.93933,10.0606689453125,18,1,-10.06066999999996
2019-03-12 19:00:00,142,142,1,0,0,471.0,493.80832,22.808319091796875,19,1,22.80831999999998
2019-03-12 20:00:00,142,142,0,0,0,561.0,433.0914,127.90859985351562,20,1,-127.90859999999998
2019-03-12 21:00:00,142,142,0,0,0,738.0,421.20053,316.7994689941406,21,1,-316.79947
2019-03-12 22:00:00,142,142,0,0,0,629.0,445.8014,183.1986083984375,22,1,-183.1986
2019-03-12 23:00:00,142,142,0,0,0,175.0,251.84703,76.84703063964844,23,1,76.84702999999999
2019-03-13 00:00:00,142,142,0,0,0,95.0,91.40636,3.5936431884765625,0,2,-3.5936399999999935
2019-03-13 01:00:00,142,142,0,0,0,28.0,27.938345,0.061655044555664,1,2,-0.06165499999999824
2019-03-13 02:00:00,142,142,0,0,0,9.0,25.739122,16.73912239074707,2,2,16.739122
2019-03-13 03:00:00,142,142,0,0,0,13.0,14.394668,1.394667625427246,3,2,1.3946679999999994
2019-03-13 04:00:00,142,142,0,0,0,31.0,22.341272,8.658727645874023,4,2,-8.658728
2019-03-13 05:00:00,142,142,0,0,0,81.0,87.02795,6.027946472167969,5,2,6.027950000000004
2019-03-13 06:00:00,142,142,0,0,0,223.0,253.05879,30.05879211425781,6,2,30.058789999999988
2019-03-13 07:00:00,142,142,1,0,0,398.0,350.1731,47.826904296875,7,2,-47.82690000000002
2019-03-13 08:00:00,142,142,1,0,0,374.0,449.4154,75.4154052734375,8,2,75.41539999999998
2019-03-13 09:00:00,142,142,1,0,0,336.0,366.55212,30.5521240234375,9,2,30.552120000000002
2019-03-13 10:00:00,142,142,0,0,0,342.0,358.2542,16.25421142578125,10,2,16.254200000000026
2019-03-13 11:00:00,142,142,0,0,0,345.0,389.728,44.72799682617188,11,2,44.72800000000001
2019-03-13 12:00:00,142,142,0,0,0,345.0,393.44305,48.44305419921875,12,2,48.44305000000003
2019-03-13 13:00:00,142,142,0,0,0,406.0,403.67236,2.32763671875,13,2,-2.327639999999974
2019-03-13 14:00:00,142,142,0,0,0,475.0,434.64294,40.3570556640625,14,2,-40.35705999999999
2019-03-13 15:00:00,142,142,0,0,0,352.0,458.48172,106.48171997070312,15,2,106.48172
2019-03-13 16:00:00,142,142,1,0,0,503.0,436.91953,66.08047485351562,16,2,-66.08046999999999
2019-03-13 17:00:00,142,142,1,0,0,594.0,534.1301,59.869873046875,17,2,-59.86990000000003
2019-03-13 18:00:00,142,142,1,0,0,522.0,616.551,94.551025390625,18,2,94.55100000000004
2019-03-13 19:00:00,142,142,1,0,0,473.0,525.3144,52.31439208984375,19,2,52.31439999999998
2019-03-13 20:00:00,142,142,0,0,0,650.0,470.16824,179.83175659179688,20,2,-179.83175999999997
2019-03-13 21:00:00,142,142,0,0,0,662.0,506.75497,155.24502563476562,21,2,-155.24502999999999
2019-03-13 22:00:00,142,142,0,0,0,444.0,588.8395,144.8394775390625,22,2,144.83950000000004
2019-03-13 23:00:00,142,142,0,0,0,357.0,346.30655,10.693450927734377,23,2,-10.693449999999984
2019-03-14 00:00:00,142,142,0,0,0,81.0,113.571495,32.571495056152344,0,3,32.571495
2019-03-14 01:00:00,142,142,0,0,0,46.0,95.69734,49.69734191894531,1,3,49.69734
2019-03-14 02:00:00,142,142,0,0,0,10.0,28.55544,18.55544090270996,2,3,18.55544
2019-03-14 03:00:00,142,142,0,0,0,14.0,11.021892,2.9781084060668945,3,3,-2.9781080000000006
2019-03-14 04:00:00,142,142,0,0,0,22.0,50.983337,28.98333740234375,4,3,28.983337
2019-03-14 05:00:00,142,142,0,0,0,66.0,111.14359,45.143592834472656,5,3,45.14359
2019-03-14 06:00:00,142,142,0,0,0,225.0,234.57904,9.57904052734375,6,3,9.579039999999992
2019-03-14 07:00:00,142,142,1,0,0,401.0,349.9867,51.0133056640625,7,3,-51.013300000000015
2019-03-14 08:00:00,142,142,1,0,0,347.0,413.4058,66.40579223632812,8,3,66.4058
2019-03-14 09:00:00,142,142,1,0,0,366.0,357.44144,8.558563232421875,9,3,-8.55856
2019-03-14 10:00:00,142,142,0,0,0,363.0,363.95587,0.95587158203125,10,3,0.9558700000000044
2019-03-14 11:00:00,142,142,0,0,0,409.0,410.13654,1.13653564453125,11,3,1.136540000000025
2019-03-14 12:00:00,142,142,0,0,0,354.0,390.9076,36.9075927734375,12,3,36.9076
2019-03-14 13:00:00,142,142,0,0,0,386.0,442.6337,56.633697509765625,13,3,56.633699999999976
2019-03-14 14:00:00,142,142,0,0,0,462.0,434.42722,27.572784423828125,14,3,-27.572780000000023
2019-03-14 15:00:00,142,142,0,0,0,456.0,447.1576,8.8424072265625,15,3,-8.842399999999998
2019-03-14 16:00:00,142,142,1,0,0,496.0,432.4843,63.51568603515625,16,3,-63.51569999999998
2019-03-14 17:00:00,142,142,1,0,0,598.0,574.06085,23.93914794921875,17,3,-23.93915000000004
2019-03-14 18:00:00,142,142,1,0,0,587.0,684.7009,97.700927734375,18,3,97.70090000000005
2019-03-14 19:00:00,142,142,1,0,0,409.0,568.45856,159.45855712890625,19,3,159.45856000000003
2019-03-14 20:00:00,142,142,0,0,0,565.0,516.6206,48.37939453125,20,3,-48.37940000000003
2019-03-14 21:00:00,142,142,0,0,0,598.0,465.6912,132.30880737304688,21,3,-132.30880000000002
2019-03-14 22:00:00,142,142,0,0,0,713.0,571.6409,141.35906982421875,22,3,-141.3591
2019-03-14 23:00:00,142,142,0,0,0,251.0,258.6048,7.60479736328125,23,3,7.6048000000000116
2019-03-15 00:00:00,142,142,0,0,0,108.0,163.93668,55.93667602539063,0,4,55.936679999999996
2019-03-15 01:00:00,142,142,0,0,0,51.0,67.36074,16.360740661621094,1,4,16.360740000000007
2019-03-15 02:00:00,142,142,0,0,0,19.0,17.304865,1.6951351165771484,2,4,-1.6951350000000005
2019-03-15 03:00:00,142,142,0,0,0,20.0,-1.7784494,21.778449416160583,3,4,-21.7784494
2019-03-15 04:00:00,142,142,0,0,0,29.0,3.7376819,25.26231813430786,4,4,-25.2623181
2019-03-15 05:00:00,142,142,0,0,0,81.0,57.80491,23.195091247558597,5,4,-23.19509
2019-03-15 06:00:00,142,142,0,0,0,253.0,190.91348,62.086517333984375,6,4,-62.08652000000001
2019-03-15 07:00:00,142,142,1,0,0,351.0,300.0096,50.99038696289063,7,4,-50.99040000000002
2019-03-15 08:00:00,142,142,1,0,0,344.0,422.74524,78.7452392578125,8,4,78.74524000000002
2019-03-15 09:00:00,142,142,1,0,0,330.0,361.04352,31.04351806640625,9,4,31.04352
2019-03-15 10:00:00,142,142,0,0,0,334.0,369.14398,35.14398193359375,10,4,35.14398
2019-03-15 11:00:00,142,142,0,0,0,389.0,392.0294,3.029388427734375,11,4,3.0294000000000096
2019-03-15 12:00:00,142,142,0,0,0,345.0,402.08527,57.08526611328125,12,4,57.08526999999998
2019-03-15 13:00:00,142,142,0,0,0,385.0,412.31848,27.3184814453125,13,4,27.318480000000022
2019-03-15 14:00:00,142,142,0,0,0,467.0,400.88016,66.11984252929688,14,4,-66.11984000000001
2019-03-15 15:00:00,142,142,0,0,0,367.0,425.27853,58.27853393554688,15,4,58.27852999999999
2019-03-15 16:00:00,142,142,1,0,0,402.0,438.38226,36.38226318359375,16,4,36.382259999999974
2019-03-15 17:00:00,142,142,1,0,0,527.0,537.9894,10.9893798828125,17,4,10.989400000000046
2019-03-15 18:00:00,142,142,1,0,0,556.0,560.37164,4.37164306640625,18,4,4.371639999999957
2019-03-15 19:00:00,142,142,1,0,0,389.0,519.8177,130.81768798828125,19,4,130.81769999999995
2019-03-15 20:00:00,142,142,0,0,0,726.0,423.0289,302.9710998535156,20,4,-302.9711
2019-03-15 21:00:00,142,142,0,0,0,965.0,427.7568,537.2431945800781,21,4,-537.2432
2019-03-15 22:00:00,142,142,0,0,0,722.0,654.4395,67.56048583984375,22,4,-67.56050000000005
2019-03-15 23:00:00,142,142,0,0,0,355.0,530.05994,175.0599365234375,23,4,175.05993999999998
2019-03-16 00:00:00,142,142,0,0,1,163.0,287.47003,124.47003173828124,0,5,124.47003000000001
2019-03-16 01:00:00,142,142,0,0,1,88.0,134.46884,46.468841552734375,1,5,46.46884
2019-03-16 02:00:00,142,142,0,0,1,29.0,45.074776,16.07477569580078,2,5,16.074776
2019-03-16 03:00:00,142,142,0,0,1,18.0,15.62519,2.374810218811035,3,5,-2.37481
2019-03-16 04:00:00,142,142,0,0,1,23.0,19.220037,3.779962539672852,4,5,-3.7799629999999986
2019-03-16 05:00:00,142,142,0,0,1,31.0,43.73587,12.735870361328123,5,5,12.735869999999998
2019-03-16 06:00:00,142,142,0,0,1,61.0,69.9902,8.990196228027344,6,5,8.990200000000002
2019-03-16 07:00:00,142,142,0,0,1,145.0,149.76561,4.7656097412109375,7,5,4.7656100000000094
2019-03-16 08:00:00,142,142,0,0,1,256.0,246.33357,9.666427612304688,8,5,-9.666429999999991
2019-03-16 09:00:00,142,142,0,0,1,395.0,313.8697,81.13031005859375,9,5,-81.13029999999998
2019-03-16 10:00:00,142,142,0,0,1,364.0,402.8401,38.840087890625,10,5,38.84010000000001
2019-03-16 11:00:00,142,142,0,0,1,440.0,466.97668,26.9766845703125,11,5,26.976679999999988
2019-03-16 12:00:00,142,142,0,0,1,471.0,438.92865,32.07135009765625,12,5,-32.071349999999995
2019-03-16 13:00:00,142,142,0,0,1,437.0,448.39603,11.396026611328123,13,5,11.396029999999996
2019-03-16 14:00:00,142,142,0,0,1,436.0,453.45572,17.455718994140625,14,5,17.455719999999985
2019-03-16 15:00:00,142,142,0,0,1,533.0,458.09064,74.90936279296875,15,5,-74.90935999999999
2019-03-16 16:00:00,142,142,0,0,1,484.0,420.6097,63.39028930664063,16,5,-63.390300000000025
2019-03-16 17:00:00,142,142,0,0,1,513.0,479.1257,33.874298095703125,17,5,-33.874300000000005
2019-03-16 18:00:00,142,142,0,0,1,580.0,486.67554,93.324462890625,18,5,-93.32445999999999
2019-03-16 19:00:00,142,142,0,0,1,479.0,427.19604,51.803955078125,19,5,-51.80396000000002
2019-03-16 20:00:00,142,142,0,0,1,464.0,411.54013,52.459869384765625,20,5,-52.45987000000002
2019-03-16 21:00:00,142,142,0,0,1,715.0,572.11163,142.88836669921875,21,5,-142.88837
2019-03-16 22:00:00,142,142,0,0,1,589.0,503.97836,85.02163696289062,22,5,-85.02163999999999
2019-03-16 23:00:00,142,142,0,0,1,566.0,486.04916,79.95083618164062,23,5,-79.95084000000003
2019-03-17 00:00:00,142,142,0,0,1,199.0,233.52338,34.52337646484375,0,6,34.52338
2019-03-17 01:00:00,142,142,0,0,1,82.0,115.23532,33.235321044921875,1,6,33.23532
2019-03-17 02:00:00,142,142,0,0,1,33.0,63.75586,30.755859375,2,6,30.75586
2019-03-17 03:00:00,142,142,0,0,1,22.0,22.837423,0.8374233245849609,3,6,0.8374230000000011
2019-03-17 04:00:00,142,142,0,0,1,32.0,14.9372015,17.062798500061035,4,6,-17.0627985
2019-03-17 05:00:00,142,142,0,0,1,63.0,19.482244,43.51775550842285,5,6,-43.517756
2019-03-17 06:00:00,142,142,0,0,1,93.0,73.28305,19.716949462890625,6,6,-19.716949999999997
2019-03-17 07:00:00,142,142,0,0,1,116.0,104.50361,11.49639129638672,7,6,-11.496390000000005
2019-03-17 08:00:00,142,142,0,0,1,229.0,176.17299,52.82701110839844,8,6,-52.82701
2019-03-17 09:00:00,142,142,0,0,1,582.0,253.63197,328.36802673339844,9,6,-328.36803
2019-03-17 10:00:00,142,142,0,0,1,674.0,356.51126,317.4887390136719,10,6,-317.48874
2019-03-17 11:00:00,142,142,0,0,1,600.0,443.98996,156.01004028320312,11,6,-156.01004
2019-03-17 12:00:00,142,142,0,0,1,521.0,415.95367,105.04632568359376,12,6,-105.04633000000001
2019-03-17 13:00:00,142,142,0,0,1,458.0,540.9792,82.97918701171875,13,6,82.97919999999999
2019-03-17 14:00:00,142,142,0,0,1,440.0,415.51428,24.4857177734375,14,6,-24.485720000000015
2019-03-17 15:00:00,142,142,0,0,1,443.0,403.7941,39.205902099609375,15,6,-39.205899999999986
2019-03-17 16:00:00,142,142,0,0,1,423.0,424.3147,1.314697265625,16,6,1.3147000000000162
2019-03-17 17:00:00,142,142,0,0,1,471.0,436.89096,34.109039306640625,17,6,-34.10903999999999
2019-03-17 18:00:00,142,142,0,0,1,435.0,422.1006,12.8994140625,18,6,-12.899400000000014
2019-03-17 19:00:00,142,142,0,0,1,338.0,390.64526,52.645263671875,19,6,52.64526000000001
2019-03-17 20:00:00,142,142,0,0,1,315.0,328.93088,13.930877685546877,20,6,13.930880000000002
2019-03-17 21:00:00,142,142,0,0,1,213.0,265.9693,52.96929931640625,21,6,52.969299999999976
2019-03-17 22:00:00,142,142,0,0,1,165.0,240.08562,75.08561706542969,22,6,75.08562
2019-03-17 23:00:00,142,142,0,0,1,90.0,109.029915,19.02991485595703,23,6,19.029915000000003
2019-03-18 00:00:00,142,142,0,0,0,30.0,38.98538,8.98537826538086,0,0,8.98538
2019-03-18 01:00:00,142,142,0,0,0,15.0,24.488552,9.48855209350586,1,0,9.488551999999999
2019-03-18 02:00:00,142,142,0,0,0,15.0,23.200321,8.200321197509766,2,0,8.200320999999999
2019-03-18 03:00:00,142,142,0,0,0,14.0,19.331787,5.331787109375,3,0,5.3317869999999985
2019-03-18 04:00:00,142,142,0,0,0,41.0,31.335346,9.664653778076172,4,0,-9.664653999999999
2019-03-18 05:00:00,142,142,0,0,0,72.0,105.3099,33.309898376464844,5,0,33.3099
2019-03-18 06:00:00,142,142,0,0,0,178.0,280.43237,102.432373046875,6,0,102.43236999999999
2019-03-18 07:00:00,142,142,1,0,0,299.0,337.70877,38.708770751953125,7,0,38.708770000000015
2019-03-18 08:00:00,142,142,1,0,0,315.0,363.09186,48.09185791015625,8,0,48.09186
2019-03-18 09:00:00,142,142,1,0,0,267.0,369.03152,102.03152465820312,9,0,102.03152
2019-03-18 10:00:00,142,142,0,0,0,263.0,384.3802,121.38018798828124,10,0,121.3802
2019-03-18 11:00:00,142,142,0,0,0,299.0,308.92075,9.920745849609377,11,0,9.920749999999998
2019-03-18 12:00:00,142,142,0,0,0,272.0,284.7021,12.70208740234375,12,0,12.702099999999973
2019-03-18 13:00:00,142,142,0,0,0,318.0,330.66443,12.6644287109375,13,0,12.664429999999982
2019-03-18 14:00:00,142,142,0,0,0,316.0,369.4125,53.412506103515625,14,0,53.41250000000002
2019-03-18 15:00:00,142,142,0,0,0,339.0,350.79233,11.792327880859377,15,0,11.792329999999993
2019-03-18 16:00:00,142,142,1,0,0,335.0,351.0337,16.03369140625,16,0,16.03370000000001
2019-03-18 17:00:00,142,142,1,0,0,374.0,413.9351,39.935089111328125,17,0,39.93509999999998
2019-03-18 18:00:00,142,142,1,0,0,451.0,403.97214,47.027862548828125,18,0,-47.027859999999976
2019-03-18 19:00:00,142,142,1,0,0,357.0,357.26608,0.266082763671875,19,0,0.2660799999999881
2019-03-18 20:00:00,142,142,0,0,0,422.0,386.1691,35.830902099609375,20,0,-35.830899999999986
2019-03-18 21:00:00,142,142,0,0,0,348.0,336.65698,11.343017578125,21,0,-11.343020000000024
2019-03-18 22:00:00,142,142,0,0,0,398.0,252.21321,145.7867889404297,22,0,-145.78679
2019-03-18 23:00:00,142,142,0,0,0,84.0,141.0718,57.07179260253906,23,0,57.071799999999996
2019-03-19 00:00:00,142,142,0,0,0,53.0,113.255585,60.25558471679688,0,1,60.255584999999996
2019-03-19 01:00:00,142,142,0,0,0,17.0,27.7997,10.799699783325195,1,1,10.799700000000001
2019-03-19 02:00:00,142,142,0,0,0,10.0,19.187687,9.187686920166016,2,1,9.187687
2019-03-19 03:00:00,142,142,0,0,0,9.0,15.3799305,6.37993049621582,3,1,6.3799305
2019-03-19 04:00:00,142,142,0,0,0,16.0,26.379562,10.379562377929688,4,1,10.379562
2019-03-19 05:00:00,142,142,0,0,0,68.0,98.819786,30.819786071777344,5,1,30.819785999999993
2019-03-19 06:00:00,142,142,0,0,0,184.0,204.0973,20.09730529785156,6,1,20.09729999999999
2019-03-19 07:00:00,142,142,1,0,0,309.0,298.71716,10.2828369140625,7,1,-10.282840000000022
2019-03-19 08:00:00,142,142,1,0,0,312.0,369.82278,57.822784423828125,8,1,57.82278000000002
2019-03-19 09:00:00,142,142,1,0,0,292.0,320.04514,28.045135498046875,9,1,28.045140000000004
2019-03-19 10:00:00,142,142,0,0,0,312.0,284.59235,27.40765380859375,10,1,-27.40764999999999
2019-03-19 11:00:00,142,142,0,0,0,323.0,287.72403,35.275970458984375,11,1,-35.27596999999997
2019-03-19 12:00:00,142,142,0,0,0,316.0,329.85065,13.85064697265625,12,1,13.850649999999973
2019-03-19 13:00:00,142,142,0,0,0,359.0,343.6633,15.336700439453123,13,1,-15.336700000000008
2019-03-19 14:00:00,142,142,0,0,0,361.0,371.4027,10.4027099609375,14,1,10.402699999999982
2019-03-19 15:00:00,142,142,0,0,0,318.0,366.48474,48.4847412109375,15,1,48.48473999999999
2019-03-19 16:00:00,142,142,1,0,0,346.0,394.8548,48.85479736328125,16,1,48.85480000000001
2019-03-19 17:00:00,142,142,1,0,0,385.0,418.86868,33.868682861328125,17,1,33.86867999999998
2019-03-19 18:00:00,142,142,1,0,0,447.0,439.6855,7.31451416015625,18,1,-7.3145000000000095
2019-03-19 19:00:00,142,142,1,0,0,361.0,389.45233,28.45233154296875,19,1,28.452330000000018
2019-03-19 20:00:00,142,142,0,0,0,455.0,418.66077,36.3392333984375,20,1,-36.339229999999986
2019-03-19 21:00:00,142,142,0,0,0,683.0,420.58737,262.4126281738281,21,1,-262.41263
2019-03-19 22:00:00,142,142,0,0,0,273.0,397.31985,124.31985473632812,22,1,124.31984999999997
2019-03-19 23:00:00,142,142,0,0,0,302.0,249.09203,52.90797424316406,23,1,-52.907970000000006
2019-03-20 00:00:00,142,142,0,0,0,46.0,72.05616,26.05615997314453,0,2,26.056160000000006
2019-03-20 01:00:00,142,142,0,0,0,25.0,65.23247,40.23246765136719,1,2,40.232470000000006
2019-03-20 02:00:00,142,142,0,0,0,3.0,16.70004,13.700040817260742,2,2,13.700040000000001
2019-03-20 03:00:00,142,142,0,0,0,8.0,15.475538,7.47553825378418,3,2,7.475538
2019-03-20 04:00:00,142,142,0,0,0,21.0,25.869799,4.86979866027832,4,2,4.869799
2019-03-20 05:00:00,142,142,0,0,0,81.0,56.961258,24.038742065429688,5,2,-24.038742
2019-03-20 06:00:00,142,142,0,0,0,205.0,196.31235,8.687652587890625,6,2,-8.68764999999999
2019-03-20 07:00:00,142,142,1,0,0,323.0,335.35406,12.35406494140625,7,2,12.354060000000004
2019-03-20 08:00:00,142,142,1,0,0,338.0,411.49445,73.49444580078125,8,2,73.49444999999997
2019-03-20 09:00:00,142,142,1,0,0,332.0,314.31384,17.6861572265625,9,2,-17.686159999999973
2019-03-20 10:00:00,142,142,0,0,0,294.0,268.15424,25.84576416015625,10,2,-25.845759999999984
2019-03-20 11:00:00,142,142,0,0,0,345.0,337.76187,7.238128662109375,11,2,-7.238130000000012
2019-03-20 12:00:00,142,142,0,0,0,323.0,323.88446,0.88446044921875,12,2,0.88445999999999
2019-03-20 13:00:00,142,142,0,0,0,362.0,351.003,10.99700927734375,13,2,-10.997000000000014
2019-03-20 14:00:00,142,142,0,0,0,399.0,354.4438,44.55621337890625,14,2,-44.55619999999999
2019-03-20 15:00:00,142,142,0,0,0,328.0,402.7203,74.72030639648438,15,2,74.72030000000001
2019-03-20 16:00:00,142,142,1,0,0,361.0,382.0064,21.00640869140625,16,2,21.006399999999985
2019-03-20 17:00:00,142,142,1,0,0,468.0,482.40442,14.4044189453125,17,2,14.404420000000016
2019-03-20 18:00:00,142,142,1,0,0,514.0,459.428,54.57199096679688,18,2,-54.572
2019-03-20 19:00:00,142,142,1,0,0,456.0,439.65457,16.345428466796875,19,2,-16.34543000000002
2019-03-20 20:00:00,142,142,0,0,0,425.0,422.87683,2.1231689453125,20,2,-2.123170000000016
2019-03-20 21:00:00,142,142,0,0,0,420.0,425.45297,5.452972412109375,21,2,5.452969999999993
2019-03-20 22:00:00,142,142,0,0,0,548.0,489.78494,58.21505737304688,22,2,-58.215059999999994
2019-03-20 23:00:00,142,142,0,0,0,163.0,191.2604,28.260406494140625,23,2,28.260400000000004
2019-03-21 00:00:00,142,142,0,0,0,80.0,209.89066,129.89065551757812,0,3,129.89066
2019-03-21 01:00:00,142,142,0,0,0,27.0,43.01525,16.01525115966797,1,3,16.01525
2019-03-21 02:00:00,142,142,0,0,0,16.0,21.632639,5.632638931274414,2,3,5.632639000000001
2019-03-21 03:00:00,142,142,0,0,0,11.0,8.471502,2.528497695922852,3,3,-2.528498000000001
2019-03-21 04:00:00,142,142,0,0,0,28.0,25.658531,2.341468811035156,4,3,-2.341469
2019-03-21 05:00:00,142,142,0,0,0,67.0,69.87276,2.8727569580078125,5,3,2.8727599999999995
2019-03-21 06:00:00,142,142,0,0,0,171.0,226.10184,55.101837158203125,6,3,55.10184000000001
2019-03-21 07:00:00,142,142,1,0,0,369.0,306.8449,62.15509033203125,7,3,-62.155100000000004
2019-03-21 08:00:00,142,142,1,0,0,408.0,382.21506,25.784942626953125,8,3,-25.784940000000006
2019-03-21 09:00:00,142,142,1,0,0,374.0,358.2377,15.762298583984377,9,3,-15.762299999999982
2019-03-21 10:00:00,142,142,0,0,0,383.0,354.58832,28.41168212890625,10,3,-28.41167999999999
2019-03-21 11:00:00,142,142,0,0,0,399.0,333.2276,65.77239990234375,11,3,-65.7724
2019-03-21 12:00:00,142,142,0,0,0,346.0,376.6405,30.6405029296875,12,3,30.640499999999975
2019-03-21 13:00:00,142,142,0,0,0,444.0,380.1547,63.845306396484375,13,3,-63.84530000000001
2019-03-21 14:00:00,142,142,0,0,0,369.0,399.72968,30.72967529296875,14,3,30.729679999999973
2019-03-21 15:00:00,142,142,0,0,0,405.0,406.87286,1.87286376953125,15,3,1.8728600000000029
2019-03-21 16:00:00,142,142,1,0,0,414.0,346.989,67.010986328125,16,3,-67.01100000000002
2019-03-21 17:00:00,142,142,1,0,0,604.0,502.01425,101.98574829101562,17,3,-101.98575
2019-03-21 18:00:00,142,142,1,0,0,507.0,524.4735,17.4735107421875,18,3,17.473499999999945
2019-03-21 19:00:00,142,142,1,0,0,362.0,527.67737,165.6773681640625,19,3,165.67737
2019-03-21 20:00:00,142,142,0,0,0,522.0,391.00772,130.99227905273438,20,3,-130.99228
2019-03-21 21:00:00,142,142,0,0,0,741.0,387.78525,353.2147521972656,21,3,-353.21475
2019-03-21 22:00:00,142,142,0,0,0,380.0,376.19522,3.804779052734375,22,3,-3.804779999999994
2019-03-21 23:00:00,142,142,0,0,0,171.0,331.80392,160.80392456054688,23,3,160.80392
2019-03-22 00:00:00,142,142,0,0,0,87.0,100.794266,13.794265747070312,0,4,13.794265999999993
2019-03-22 01:00:00,142,142,0,0,0,36.0,67.74712,31.74712371826172,1,4,31.747119999999995
2019-03-22 02:00:00,142,142,0,0,0,13.0,27.98382,14.983819961547852,2,4,14.983820000000001
2019-03-22 03:00:00,142,142,0,0,0,11.0,19.688215,8.688215255737305,3,4,8.688215
2019-03-22 04:00:00,142,142,0,0,0,24.0,29.835623,5.835622787475586,4,4,5.835622999999998
2019-03-22 05:00:00,142,142,0,0,0,82.0,78.932785,3.0672149658203125,5,4,-3.0672150000000045
2019-03-22 06:00:00,142,142,0,0,0,199.0,190.89226,8.107742309570312,6,4,-8.107740000000007
2019-03-22 07:00:00,142,142,1,0,0,312.0,302.37515,9.624847412109377,7,4,-9.62484999999998
2019-03-22 08:00:00,142,142,1,0,0,378.0,423.5868,45.5867919921875,8,4,45.58679999999998
2019-03-22 09:00:00,142,142,1,0,0,362.0,383.2106,21.210601806640625,9,4,21.2106
2019-03-22 10:00:00,142,142,0,0,0,368.0,372.26752,4.26751708984375,10,4,4.26751999999999
2019-03-22 11:00:00,142,142,0,0,0,353.0,422.78314,69.78314208984375,11,4,69.78314
2019-03-22 12:00:00,142,142,0,0,0,316.0,395.23566,79.23565673828125,12,4,79.23566
2019-03-22 13:00:00,142,142,0,0,0,408.0,413.09778,5.0977783203125,13,4,5.09778
2019-03-22 14:00:00,142,142,0,0,0,404.0,383.37646,20.62353515625,14,4,-20.62353999999999
2019-03-22 15:00:00,142,142,0,0,0,352.0,403.43033,51.43032836914063,15,4,51.430330000000026
2019-03-22 16:00:00,142,142,1,0,0,404.0,448.5941,44.594085693359375,16,4,44.594100000000026
2019-03-22 17:00:00,142,142,1,0,0,434.0,526.7203,92.72027587890624,17,4,92.72029999999995
2019-03-22 18:00:00,142,142,1,0,0,500.0,561.1244,61.1243896484375,18,4,61.12440000000004
2019-03-22 19:00:00,142,142,1,0,0,404.0,462.26764,58.26763916015625,19,4,58.26763999999997
2019-03-22 20:00:00,142,142,0,0,0,388.0,387.551,0.449005126953125,20,4,-0.4490000000000123
2019-03-22 21:00:00,142,142,0,0,0,567.0,404.36526,162.63473510742188,21,4,-162.63474000000002
2019-03-22 22:00:00,142,142,0,0,0,553.0,492.68884,60.3111572265625,22,4,-60.31115999999997
2019-03-22 23:00:00,142,142,0,0,0,326.0,337.86053,11.86053466796875,23,4,11.860529999999983
2019-03-23 00:00:00,142,142,0,0,1,190.0,236.3227,46.32269287109375,0,5,46.3227
2019-03-23 01:00:00,142,142,0,0,1,81.0,153.06767,72.06767272949219,1,5,72.06766999999999
2019-03-23 02:00:00,142,142,0,0,1,32.0,63.194252,31.19425201416016,2,5,31.194252
2019-03-23 03:00:00,142,142,0,0,1,14.0,37.90552,23.905521392822266,3,5,23.905520000000003
2019-03-23 04:00:00,142,142,0,0,1,22.0,17.418678,4.581321716308594,4,5,-4.581322
2019-03-23 05:00:00,142,142,0,0,1,36.0,12.259402,23.74059772491455,5,5,-23.740598
2019-03-23 06:00:00,142,142,0,0,1,62.0,77.96913,15.969131469726562,6,5,15.969130000000007
2019-03-23 07:00:00,142,142,0,0,1,116.0,156.11292,40.1129150390625,7,5,40.11292
2019-03-23 08:00:00,142,142,0,0,1,248.0,224.6395,23.360504150390625,8,5,-23.360500000000002
2019-03-23 09:00:00,142,142,0,0,1,361.0,308.83527,52.16473388671875,9,5,-52.16473000000002
2019-03-23 10:00:00,142,142,0,0,1,317.0,361.49084,44.4908447265625,10,5,44.49083999999999
2019-03-23 11:00:00,142,142,0,0,1,432.0,418.13443,13.865570068359377,11,5,-13.865569999999991
2019-03-23 12:00:00,142,142,0,0,1,428.0,354.01675,73.98324584960938,12,5,-73.98325
2019-03-23 13:00:00,142,142,0,0,1,443.0,355.9332,87.06680297851562,13,5,-87.0668
2019-03-23 14:00:00,142,142,0,0,1,381.0,469.24786,88.24786376953125,14,5,88.24786
2019-03-23 15:00:00,142,142,0,0,1,454.0,451.33765,2.662353515625,15,5,-2.6623500000000035
2019-03-23 16:00:00,142,142,0,0,1,584.0,405.00366,178.996337890625,16,5,-178.99633999999998
2019-03-23 17:00:00,142,142,0,0,1,549.0,499.7204,49.27960205078125,17,5,-49.279600000000016
2019-03-23 18:00:00,142,142,0,0,1,542.0,569.7159,27.71588134765625,18,5,27.715900000000033
2019-03-23 19:00:00,142,142,0,0,1,444.0,464.2459,20.24591064453125,19,5,20.245900000000006
2019-03-23 20:00:00,142,142,0,0,1,454.0,454.28854,0.288543701171875,20,5,0.2885400000000118
2019-03-23 21:00:00,142,142,0,0,1,656.0,478.47485,177.525146484375,21,5,-177.52515
2019-03-23 22:00:00,142,142,0,0,1,749.0,489.48407,259.51593017578125,22,5,-259.51593
2019-03-23 23:00:00,142,142,0,0,1,367.0,517.97076,150.97076416015625,23,5,150.97076000000004
2019-03-24 00:00:00,142,142,0,0,1,181.0,219.90906,38.9090576171875,0,6,38.90906000000001
2019-03-24 01:00:00,142,142,0,0,1,99.0,134.23613,35.23612976074219,1,6,35.23613
2019-03-24 02:00:00,142,142,0,0,1,37.0,50.163162,13.163162231445312,2,6,13.163162
2019-03-24 03:00:00,142,142,0,0,1,16.0,33.818787,17.81878662109375,3,6,17.818787
2019-03-24 04:00:00,142,142,0,0,1,17.0,6.3198276,10.680172443389893,4,6,-10.6801724
2019-03-24 05:00:00,142,142,0,0,1,26.0,18.851732,7.14826774597168,5,6,-7.148268000000002
2019-03-24 06:00:00,142,142,0,0,1,46.0,61.049385,15.04938507080078,6,6,15.049385000000001
2019-03-24 07:00:00,142,142,0,0,1,104.0,91.65551,12.344490051269531,7,6,-12.344489999999993
2019-03-24 08:00:00,142,142,0,0,1,169.0,135.79698,33.20301818847656,8,6,-33.20302000000001
2019-03-24 09:00:00,142,142,0,0,1,235.0,249.26907,14.269073486328123,9,6,14.26907
2019-03-24 10:00:00,142,142,0,0,1,330.0,278.27542,51.72457885742188,10,6,-51.72458
2019-03-24 11:00:00,142,142,0,0,1,398.0,346.27048,51.729522705078125,11,6,-51.72951999999998
2019-03-24 12:00:00,142,142,0,0,1,398.0,431.63858,33.638580322265625,12,6,33.63857999999999
2019-03-24 13:00:00,142,142,0,0,1,421.0,431.316,10.316009521484377,13,6,10.315999999999974
2019-03-24 14:00:00,142,142,0,0,1,424.0,407.0751,16.924896240234375,14,6,-16.92489999999998
2019-03-24 15:00:00,142,142,0,0,1,426.0,369.89224,56.107757568359375,15,6,-56.107759999999985
2019-03-24 16:00:00,142,142,0,0,1,437.0,409.97897,27.021026611328125,16,6,-27.021029999999996
2019-03-24 17:00:00,142,142,0,0,1,509.0,486.8027,22.197296142578125,17,6,-22.197299999999984
2019-03-24 18:00:00,142,142,0,0,1,407.0,430.14407,23.144073486328125,18,6,23.14407
2019-03-24 19:00:00,142,142,0,0,1,313.0,307.59668,5.4033203125,19,6,-5.403320000000008
2019-03-24 20:00:00,142,142,0,0,1,285.0,247.45119,37.54881286621094,20,6,-37.54881
2019-03-24 21:00:00,142,142,0,0,1,263.0,215.30644,47.69355773925781,21,6,-47.69355999999999
2019-03-24 22:00:00,142,142,0,0,1,130.0,153.54268,23.54267883300781,22,6,23.54267999999999
2019-03-24 23:00:00,142,142,0,0,1,70.0,133.7159,63.71589660644531,23,6,63.715900000000005
2019-03-25 00:00:00,142,142,0,0,0,45.0,38.078785,6.921215057373047,0,0,-6.921214999999997
2019-03-25 01:00:00,142,142,0,0,0,14.0,10.458629,3.5413713455200195,1,0,-3.541371
2019-03-25 02:00:00,142,142,0,0,0,5.0,10.337903,5.337903022766113,2,0,5.337903000000001
2019-03-25 03:00:00,142,142,0,0,0,14.0,7.6889734,6.311026573181152,3,0,-6.3110266
2019-03-25 04:00:00,142,142,0,0,0,29.0,21.94426,7.0557403564453125,4,0,-7.05574
2019-03-25 05:00:00,142,142,0,0,0,63.0,91.54932,28.54931640625,5,0,28.549319999999994
2019-03-25 06:00:00,142,142,0,0,0,170.0,234.11967,64.11967468261719,6,0,64.11967000000001
2019-03-25 07:00:00,142,142,1,0,0,254.0,274.50345,20.503448486328125,7,0,20.503449999999987
2019-03-25 08:00:00,142,142,1,0,0,320.0,319.93774,0.062255859375,8,0,-0.062259999999980664
2019-03-25 09:00:00,142,142,1,0,0,280.0,316.4567,36.45669555664063,9,0,36.45670000000001
2019-03-25 10:00:00,142,142,0,0,0,279.0,307.55136,28.55136108398437,10,0,28.55135999999999
2019-03-25 11:00:00,142,142,0,0,0,287.0,329.2398,42.23980712890625,11,0,42.2398
2019-03-25 12:00:00,142,142,0,0,0,287.0,335.523,48.52301025390625,12,0,48.523000000000025
2019-03-25 13:00:00,142,142,0,0,0,314.0,342.59097,28.590972900390625,13,0,28.590970000000027
2019-03-25 14:00:00,142,142,0,0,0,307.0,384.95544,77.9554443359375,14,0,77.95544000000001
2019-03-25 15:00:00,142,142,0,0,0,327.0,377.53397,50.533966064453125,15,0,50.53397000000001
2019-03-25 16:00:00,142,142,1,0,0,350.0,365.28116,15.281158447265623,16,0,15.28116
2019-03-25 17:00:00,142,142,1,0,0,417.0,404.69315,12.306854248046877,17,0,-12.306849999999997
2019-03-25 18:00:00,142,142,1,0,0,422.0,399.87347,22.12652587890625,18,0,-22.126530000000002
2019-03-25 19:00:00,142,142,1,0,0,379.0,379.21024,0.210235595703125,19,0,0.21023999999999887
2019-03-25 20:00:00,142,142,0,0,0,353.0,359.57663,6.576629638671875,20,0,6.576630000000023
2019-03-25 21:00:00,142,142,0,0,0,392.0,315.2565,76.74349975585938,21,0,-76.74349999999998
2019-03-25 22:00:00,142,142,0,0,0,146.0,257.06598,111.06597900390624,22,0,111.06598000000002
2019-03-25 23:00:00,142,142,0,0,0,426.0,174.92085,251.0791473388672,23,0,-251.07915
2019-03-26 00:00:00,142,142,0,0,0,55.0,60.103508,5.103507995605469,0,1,5.103507999999998
2019-03-26 01:00:00,142,142,0,0,0,22.0,159.98311,137.9831085205078,1,1,137.98311
2019-03-26 02:00:00,142,142,0,0,0,10.0,39.019855,29.019855499267575,2,1,29.019855
2019-03-26 03:00:00,142,142,0,0,0,10.0,13.835313,3.835312843322754,3,1,3.8353129999999993
2019-03-26 04:00:00,142,142,0,0,0,25.0,20.390293,4.609706878662109,4,1,-4.609707
2019-03-26 05:00:00,142,142,0,0,0,70.0,83.79251,13.792510986328123,5,1,13.792509999999993
2019-03-26 06:00:00,142,142,0,0,0,178.0,204.47258,26.472579956054688,6,1,26.472579999999994
2019-03-26 07:00:00,142,142,1,0,0,290.0,339.17218,49.17218017578125,7,1,49.172180000000026
2019-03-26 08:00:00,142,142,1,0,0,362.0,311.7574,50.24261474609375,8,1,-50.24259999999998
2019-03-26 09:00:00,142,142,1,0,0,314.0,330.24402,16.2440185546875,9,1,16.244019999999978
2019-03-26 10:00:00,142,142,0,0,0,302.0,301.35547,0.64453125,10,1,-0.6445299999999747
2019-03-26 11:00:00,142,142,0,0,0,361.0,354.6771,6.322906494140625,11,1,-6.322900000000004
2019-03-26 12:00:00,142,142,0,0,0,325.0,305.0472,19.952789306640625,12,1,-19.952800000000025
2019-03-26 13:00:00,142,142,0,0,0,386.0,361.5943,24.40570068359375,13,1,-24.405700000000024
2019-03-26 14:00:00,142,142,0,0,0,368.0,370.62134,2.621337890625,14,1,2.621339999999975
2019-03-26 15:00:00,142,142,0,0,0,350.0,378.20142,28.201416015625,15,1,28.201419999999985
2019-03-26 16:00:00,142,142,1,0,0,389.0,363.4864,25.51361083984375,16,1,-25.513599999999997
2019-03-26 17:00:00,142,142,1,0,0,543.0,472.02588,70.97412109375,17,1,-70.97412000000003
2019-03-26 18:00:00,142,142,1,0,0,505.0,461.9399,43.060089111328125,18,1,-43.06009999999998
2019-03-26 19:00:00,142,142,1,0,0,439.0,481.71323,42.713226318359375,19,1,42.71323000000001
2019-03-26 20:00:00,142,142,0,0,0,494.0,475.84192,18.1580810546875,20,1,-18.158079999999984
2019-03-26 21:00:00,142,142,0,0,0,679.0,448.54657,230.45343017578125,21,1,-230.45343000000003
2019-03-26 22:00:00,142,142,0,0,0,518.0,401.30637,116.69363403320312,22,1,-116.69362999999998
2019-03-26 23:00:00,142,142,0,0,0,175.0,215.45996,40.4599609375,23,1,40.459959999999995
2019-03-27 00:00:00,142,142,0,0,0,67.0,233.76341,166.76341247558594,0,2,166.76341
2019-03-27 01:00:00,142,142,0,0,0,18.0,40.592575,22.592575073242188,1,2,22.592574999999997
2019-03-27 02:00:00,142,142,0,0,0,10.0,16.756395,6.75639533996582,2,2,6.756395000000001
2019-03-27 03:00:00,142,142,0,0,0,7.0,9.314182,2.3141822814941406,3,2,2.3141820000000006
2019-03-27 04:00:00,142,142,0,0,0,26.0,23.942312,2.057687759399414,4,2,-2.057687999999999
2019-03-27 05:00:00,142,142,0,0,0,77.0,72.52048,4.479522705078125,5,2,-4.479519999999994
2019-03-27 06:00:00,142,142,0,0,0,176.0,190.524,14.524002075195312,6,2,14.524000000000001
2019-03-27 07:00:00,142,142,1,0,0,288.0,391.14597,103.14596557617188,7,2,103.14596999999998
2019-03-27 08:00:00,142,142,1,0,0,386.0,361.20987,24.79013061523437,8,2,-24.790129999999976
2019-03-27 09:00:00,142,142,1,0,0,337.0,320.01913,16.980865478515625,9,2,-16.98086999999998
2019-03-27 10:00:00,142,142,0,0,0,322.0,308.61963,13.38037109375,10,2,-13.380370000000028
2019-03-27 11:00:00,142,142,0,0,0,383.0,325.93872,57.061279296875,11,2,-57.06128000000001
2019-03-27 12:00:00,142,142,0,0,0,362.0,330.30295,31.697052001953125,12,2,-31.69704999999999
2019-03-27 13:00:00,142,142,0,0,0,383.0,375.15735,7.8426513671875,13,2,-7.842649999999992
2019-03-27 14:00:00,142,142,0,0,0,362.0,434.42767,72.42767333984375,14,2,72.42766999999998
2019-03-27 15:00:00,142,142,0,0,0,349.0,399.32657,50.326568603515625,15,2,50.326570000000004
2019-03-27 16:00:00,142,142,1,0,0,401.0,397.01654,3.98345947265625,16,2,-3.9834599999999796
2019-03-27 17:00:00,142,142,1,0,0,473.0,490.2983,17.298309326171875,17,2,17.298299999999983
2019-03-27 18:00:00,142,142,1,0,0,452.0,509.22028,57.22027587890625,18,2,57.22028
2019-03-27 19:00:00,142,142,1,0,0,452.0,465.7324,13.732391357421877,19,2,13.732399999999984
2019-03-27 20:00:00,142,142,0,0,0,518.0,424.9963,93.00369262695312,20,2,-93.00369999999998
2019-03-27 21:00:00,142,142,0,0,0,714.0,471.35886,242.64114379882807,21,2,-242.64114
2019-03-27 22:00:00,142,142,0,0,0,323.0,495.97485,172.974853515625,22,2,172.97485
2019-03-27 23:00:00,142,142,0,0,0,161.0,277.39685,116.3968505859375,23,2,116.39684999999997
2019-03-28 00:00:00,142,142,0,0,0,81.0,88.199005,7.199005126953125,0,3,7.199005
2019-03-28 01:00:00,142,142,0,0,0,12.0,37.932533,25.93253326416016,1,3,25.932533
2019-03-28 02:00:00,142,142,0,0,0,11.0,21.98194,10.981939315795898,2,3,10.981940000000002
2019-03-28 03:00:00,142,142,0,0,0,8.0,8.447489,0.447488784790039,3,3,0.44748899999999914
2019-03-28 04:00:00,142,142,0,0,0,18.0,24.52043,6.520429611206055,4,3,6.520430000000001
2019-03-28 05:00:00,142,142,0,0,0,65.0,83.35091,18.350906372070312,5,3,18.35091
2019-03-28 06:00:00,142,142,0,0,0,180.0,219.90053,39.90052795410156,6,3,39.90053
2019-03-28 07:00:00,142,142,1,0,0,301.0,302.2747,1.274688720703125,7,3,1.2746999999999957
2019-03-28 08:00:00,142,142,1,0,0,341.0,362.88333,21.883331298828125,8,3,21.88333
2019-03-28 09:00:00,142,142,1,0,0,367.0,314.4473,52.55270385742188,9,3,-52.552700000000016
2019-03-28 10:00:00,142,142,0,0,0,342.0,334.302,7.697998046875,10,3,-7.697999999999979
2019-03-28 11:00:00,142,142,0,0,0,334.0,361.53314,27.53314208984375,11,3,27.533140000000003
2019-03-28 12:00:00,142,142,0,0,0,298.0,378.7365,80.73651123046875,12,3,80.73649999999998
2019-03-28 13:00:00,142,142,0,0,0,1.0,398.84344,397.8434448242188,13,3,397.84344
2019-03-28 14:00:00,142,142,0,0,0,1.0,387.7489,386.7489013671875,14,3,386.7489
2019-03-28 15:00:00,142,142,0,0,0,374.0,382.0117,8.011688232421875,15,3,8.011700000000019
2019-03-28 16:00:00,142,142,1,0,0,371.0,443.61722,72.61721801757812,16,3,72.61721999999997
2019-03-28 17:00:00,142,142,1,0,0,550.0,514.5958,35.4041748046875,17,3,-35.404199999999946
2019-03-28 18:00:00,142,142,1,0,0,442.0,526.84204,84.842041015625,18,3,84.84204
2019-03-28 19:00:00,142,142,1,0,0,419.0,424.33057,5.33056640625,19,3,5.330570000000023
2019-03-28 20:00:00,142,142,0,0,0,517.0,495.97006,21.029937744140625,20,3,-21.02994000000001
2019-03-28 21:00:00,142,142,0,0,0,560.0,510.61716,49.382843017578125,21,3,-49.38283999999999
2019-03-28 22:00:00,142,142,0,0,0,295.0,422.88986,127.88986206054688,22,3,127.88986
2019-03-28 23:00:00,142,142,0,0,0,336.0,300.48074,35.519256591796875,23,3,-35.519259999999974
2019-03-29 00:00:00,142,142,0,0,0,120.0,93.60499,26.39501190185547,0,4,-26.39501
2019-03-29 01:00:00,142,142,0,0,0,44.0,117.432655,73.43265533447266,1,4,73.432655
2019-03-29 02:00:00,142,142,0,0,0,18.0,135.72937,117.7293701171875,2,4,117.72936999999999
2019-03-29 03:00:00,142,142,0,0,0,3.0,40.436504,37.43650436401367,3,4,37.436504
2019-03-29 04:00:00,142,142,0,0,0,27.0,19.525501,7.474498748779297,4,4,-7.474499000000002
2019-03-29 05:00:00,142,142,0,0,0,60.0,56.32804,3.671958923339844,5,4,-3.6719599999999986
2019-03-29 06:00:00,142,142,0,0,0,180.0,170.6532,9.3468017578125,6,4,-9.346800000000002
2019-03-29 07:00:00,142,142,1,0,0,313.0,228.46968,84.53031921386719,7,4,-84.53031999999999
2019-03-29 08:00:00,142,142,1,0,0,384.0,341.84982,42.150177001953125,8,4,-42.15017999999998
2019-03-29 09:00:00,142,142,1,0,0,318.0,282.78867,35.211334228515625,9,4,-35.211329999999975
2019-03-29 10:00:00,142,142,0,0,0,340.0,298.08807,41.91192626953125,10,4,-41.911929999999984
2019-03-29 11:00:00,142,142,0,0,0,401.0,334.3856,66.61441040039062,11,4,-66.61439999999999
2019-03-29 12:00:00,142,142,0,0,0,350.0,336.45853,13.541473388671877,12,4,-13.541470000000004
2019-03-29 13:00:00,142,142,0,0,0,393.0,338.01404,54.9859619140625,13,4,-54.98595999999998
2019-03-29 14:00:00,142,142,0,0,0,404.0,411.80237,7.8023681640625,14,4,7.802369999999996
2019-03-29 15:00:00,142,142,0,0,0,408.0,410.30054,2.300537109375,15,4,2.3005400000000122
2019-03-29 16:00:00,142,142,1,0,0,371.0,428.29193,57.29193115234375,16,4,57.29192999999998
2019-03-29 17:00:00,142,142,1,0,0,408.0,507.01077,99.01077270507812,17,4,99.01076999999998
2019-03-29 18:00:00,142,142,1,0,0,409.0,514.3241,105.3240966796875,18,4,105.32410000000004
2019-03-29 19:00:00,142,142,1,0,0,387.0,428.84418,41.84417724609375,19,4,41.844179999999994
2019-03-29 20:00:00,142,142,0,0,0,371.0,342.2828,28.717193603515625,20,4,-28.71719999999999
2019-03-29 21:00:00,142,142,0,0,0,517.0,385.3073,131.69268798828125,21,4,-131.6927
2019-03-29 22:00:00,142,142,0,0,0,623.0,389.04138,233.9586181640625,22,4,-233.95862
2019-03-29 23:00:00,142,142,0,0,0,263.0,304.94672,41.94671630859375,23,4,41.94672000000003
2019-03-30 00:00:00,142,142,0,0,1,175.0,327.785,152.78500366210938,0,5,152.78500000000003
2019-03-30 01:00:00,142,142,0,0,1,58.0,105.10796,47.10796356201172,1,5,47.107960000000006
2019-03-30 02:00:00,142,142,0,0,1,26.0,31.956491,5.956491470336914,2,5,5.956491
2019-03-30 03:00:00,142,142,0,0,1,19.0,5.8394055,13.160594463348389,3,5,-13.1605945
2019-03-30 04:00:00,142,142,0,0,1,28.0,-4.855894,32.85589408874512,4,5,-32.855894
2019-03-30 05:00:00,142,142,0,0,1,29.0,22.123518,6.876482009887695,5,5,-6.876481999999999
2019-03-30 06:00:00,142,142,0,0,1,57.0,48.030464,8.969535827636719,6,5,-8.969535999999998
2019-03-30 07:00:00,142,142,0,0,1,115.0,120.749954,5.7499542236328125,7,5,5.7499540000000025
2019-03-30 08:00:00,142,142,0,0,1,207.0,214.97131,7.9713134765625,8,5,7.971309999999988
2019-03-30 09:00:00,142,142,0,0,1,253.0,282.39243,29.39242553710937,9,5,29.39242999999999
2019-03-30 10:00:00,142,142,0,0,1,325.0,318.7352,6.264801025390625,10,5,-6.26479999999998
2019-03-30 11:00:00,142,142,0,0,1,310.0,296.57797,13.422027587890623,11,5,-13.422030000000007
2019-03-30 12:00:00,142,142,0,0,1,384.0,384.73224,0.73223876953125,12,5,0.7322399999999902
2019-03-30 13:00:00,142,142,0,0,1,373.0,327.11057,45.889434814453125,13,5,-45.889430000000004
2019-03-30 14:00:00,142,142,0,0,1,390.0,404.05164,14.0516357421875,14,5,14.05164000000002
2019-03-30 15:00:00,142,142,0,0,1,467.0,412.99875,54.001251220703125,15,5,-54.00125000000003
2019-03-30 16:00:00,142,142,0,0,1,1.0,413.80353,412.8035278320313,16,5,412.80353
2019-03-30 17:00:00,142,142,0,0,1,531.0,451.468,79.53201293945312,17,5,-79.53199999999998
2019-03-30 18:00:00,142,142,0,0,1,501.0,247.2382,253.7617950439453,18,5,-253.7618
2019-03-30 19:00:00,142,142,0,0,1,450.0,404.54218,45.45782470703125,19,5,-45.45782000000003
2019-03-30 20:00:00,142,142,0,0,1,390.0,466.97418,76.97418212890625,20,5,76.97417999999999
2019-03-30 21:00:00,142,142,0,0,1,500.0,410.50195,89.498046875,21,5,-89.49804999999998
2019-03-30 22:00:00,142,142,0,0,1,490.0,369.69327,120.30673217773438,22,5,-120.30673000000002
2019-03-30 23:00:00,142,142,0,0,1,473.0,503.44724,30.447235107421875,23,5,30.447240000000022
2019-03-31 00:00:00,142,142,0,0,1,172.0,262.59927,90.59927368164062,0,6,90.59926999999999
2019-03-31 01:00:00,142,142,0,0,1,87.0,180.40843,93.40843200683594,1,6,93.40843000000001
2019-03-31 02:00:00,142,142,0,0,1,25.0,42.94055,17.9405517578125,2,6,17.94055
2019-03-31 03:00:00,142,142,0,0,1,20.0,12.320241,7.67975902557373,3,6,-7.679759000000001
2019-03-31 04:00:00,142,142,0,0,1,20.0,3.053742,16.946258068084717,4,6,-16.946258
2019-03-31 05:00:00,142,142,0,0,1,25.0,14.681719,10.318281173706056,5,6,-10.318281
2019-03-31 06:00:00,142,142,0,0,1,56.0,36.23047,19.76953125,6,6,-19.769530000000003
2019-03-31 07:00:00,142,142,0,0,1,97.0,53.687004,43.31299591064453,7,6,-43.312996
2019-03-31 08:00:00,142,142,0,0,1,157.0,123.07861,33.92138671875,8,6,-33.92139
2019-03-31 09:00:00,142,142,0,0,1,258.0,236.33162,21.668380737304688,9,6,-21.668380000000013
2019-03-31 10:00:00,142,142,0,0,1,402.0,250.60854,151.39146423339844,10,6,-151.39146
2019-03-31 11:00:00,142,142,0,0,1,422.0,333.03427,88.96572875976562,11,6,-88.96573000000001
2019-03-31 12:00:00,142,142,0,0,1,480.0,338.2499,141.75009155273438,12,6,-141.75009999999997
2019-03-31 13:00:00,142,142,0,0,1,528.0,355.15738,172.84262084960938,13,6,-172.84262
2019-03-31 14:00:00,142,142,0,0,1,481.0,366.10437,114.8956298828125,14,6,-114.89562999999998
2019-03-31 15:00:00,142,142,0,0,1,453.0,389.4305,63.56948852539063,15,6,-63.569500000000005
2019-03-31 16:00:00,142,142,0,0,1,389.0,436.63336,47.63336181640625,16,6,47.63335999999998
2019-03-31 17:00:00,142,142,0,0,1,574.0,460.49655,113.50344848632812,17,6,-113.50344999999999
2019-03-31 18:00:00,142,142,0,0,1,515.0,395.7974,119.20260620117188,18,6,-119.20260000000002
2019-03-31 19:00:00,142,142,0,0,1,371.0,303.87506,67.12493896484375,19,6,-67.12493999999998
2019-03-31 20:00:00,142,142,0,0,1,330.0,302.30853,27.69146728515625,20,6,-27.69146999999998
2019-03-31 21:00:00,142,142,0,0,1,287.0,285.61337,1.386627197265625,21,6,-1.3866300000000251
2019-03-31 22:00:00,142,142,0,0,1,166.0,174.5358,8.535797119140625,22,6,8.535799999999995
